<?xml version="1.0" encoding="UTF-8"?>
<beans xmlns="http://www.springframework.org/schema/beans"
	xmlns:xsi="http://www.w3.org/2001/XMLSchema-instance" xmlns:jee="http://www.springframework.org/schema/jee"
	xmlns:tx="http://www.springframework.org/schema/tx" xmlns:context="http://www.springframework.org/schema/context"
	xmlns:aop="http://www.springframework.org/schema/aop" xmlns:mvc="http://www.springframework.org/schema/mvc"
	xsi:schemaLocation="http://www.springframework.org/schema/beans 
	http://www.springframework.org/schema/beans/spring-beans-2.5.xsd 
	http://www.springframework.org/schema/tx 
	http://www.springframework.org/schema/tx/spring-tx-2.5.xsd 
	http://www.springframework.org/schema/jee 
	http://www.springframework.org/schema/jee/spring-jee-2.5.xsd 
	http://www.springframework.org/schema/aop 
	http://www.springframework.org/schema/aop/spring-aop-2.5.xsd 
	 http://www.springframework.org/schema/mvc   
       http://www.springframework.org/schema/mvc/spring-mvc-3.0.xsd
	http://www.springframework.org/schema/context 
	http://www.springframework.org/schema/context/spring-context-2.5.xsd">



	<context:component-scan base-package="cn.newcapec.function.platform"  use-default-filters="false" >
		<context:include-filter type="annotation"
			expression="org.springframework.stereotype.Controller" />
		<context:exclude-filter type="annotation"
			expression="org.springframework.stereotype.Service" />
		<!-- <context:exclude-filter type="annotation"
			expression="org.springframework.stereotype.Repository" />
		<context:exclude-filter type="annotation"
			expression="org.springframework.stereotype.Component" /> -->
	</context:component-scan>
	<!-- 请求数据绑定类 -->
	<bean
		class="org.springframework.web.servlet.mvc.method.annotation.RequestMappingHandlerMapping">
		<property name="interceptors">
			<ref bean="multiViewHandlerInterceptor" />
		</property>

	</bean>

	<!-- 请求数据绑定类适配类 -->
	<bean
		class="org.springframework.web.servlet.mvc.method.annotation.RequestMappingHandlerAdapter">
		<property name="webBindingInitializer">
			<bean
				class="cn.newcapec.framework.core.handler.springDatebind.SpringDateBind" />
		</property>

		<property name="messageConverters">
			<list>
				<ref bean="stringHttpMessageConverter" />
				<ref bean="mappingJacksonHttpMessageConverter" />
			</list>
		</property>
	</bean>

	<!-- 上传文件参数设置 -->
	<bean id="app"
		class="cn.newcapec.function.platform.utils.UploadFileParameterUtil">
		<!-- <property name="newFilePath" ><value>#{platform.app.newFilePath}</value></property> 
			<property name="oldFilePath" ><value>#{platform.app.oldFilePath}</value></property> 
			<property name="fileType" ><value>#{platform.app.fileType}</value></property> 
			<property name="maxFileSizeInteger" ><value>#{platform.app.maxFileSizeInteger}</value></property> -->
		<property name="newFilePath">
			<value>upload</value>
		</property>
		<property name="oldFilePath">
			<value>backupUpload</value>
		</property>
		<property name="fileType">
			<value>grf,doc,docx,wps</value>
		</property>
		<property name="maxFileSizeInteger">
			<value>10240</value>
		</property>
	</bean>
</beans>