<?xml version="1.0" encoding="UTF-8"?>
<beans xmlns="http://www.springframework.org/schema/beans"
	xmlns:xsi="http://www.w3.org/2001/XMLSchema-instance" xmlns:jee="http://www.springframework.org/schema/jee"
	xmlns:tx="http://www.springframework.org/schema/tx" xmlns:context="http://www.springframework.org/schema/context"
	xmlns:aop="http://www.springframework.org/schema/aop" xmlns:mvc="http://www.springframework.org/schema/mvc"
	xsi:schemaLocation="http://www.springframework.org/schema/beans 
	http://www.springframework.org/schema/beans/spring-beans-2.5.xsd 
	http://www.springframework.org/schema/tx 
	http://www.springframework.org/schema/tx/spring-tx-2.5.xsd 
	http://www.springframework.org/schema/jee 
	http://www.springframework.org/schema/jee/spring-jee-2.5.xsd 
	http://www.springframework.org/schema/aop 
	http://www.springframework.org/schema/aop/spring-aop-2.5.xsd 
	 http://www.springframework.org/schema/mvc   
       http://www.springframework.org/schema/mvc/spring-mvc-3.0.xsd
	http://www.springframework.org/schema/context 
	http://www.springframework.org/schema/context/spring-context-2.5.xsd">

	<description>Spring mvc 配置</description>
	<!-- 使Spring关注Annotation -->
	<context:annotation-config />
	<context:component-scan base-package="cn.newcapec.function.ecardcity.om">
		<!-- <context:include-filter type="annotation" -->
		<!-- expression="org.springframework.stereotype.Controller" /> -->
		<!-- <context:include-filter type="annotation" -->
		<!-- expression="org.springframework.stereotype.Service" /> -->
		<!-- <context:include-filter type="annotation" -->
		<!-- expression="org.springframework.stereotype.Repository" /> -->
		<!-- <context:include-filter type="annotation" -->
		<!-- expression="org.springframework.stereotype.Component" /> -->
	</context:component-scan>


	<!-- 请求数据绑定类 -->
	<bean
		class="org.springframework.web.servlet.mvc.method.annotation.RequestMappingHandlerMapping">
		<property name="interceptors">
			<ref bean="multiViewHandlerInterceptor" />
		</property>

	</bean>

	<!-- 请求数据绑定类适配类 -->
	<bean
		class="org.springframework.web.servlet.mvc.method.annotation.RequestMappingHandlerAdapter">
		<property name="webBindingInitializer">
			<bean
				class="cn.newcapec.framework.core.handler.springDatebind.SpringDateBind" />
		</property>

		<property name="messageConverters">
			<list>
				<ref bean="stringHttpMessageConverter" />
				<ref bean="mappingJacksonHttpMessageConverter" />
			</list>
		</property>
	</bean>
</beans>